{"cameraMode":{"drawMode":0,"name":"Shaded","section":"Shading Mode"},"sceneLighting":false,"audioPlay":false,"sceneViewState":{"m_AlwaysRefresh":false,"showFog":true,"showSkybox":false,"showFlares":true,"showImageEffects":true,"showParticleSystems":true,"showVisualEffectGraphs":true,"m_FxEnabled":true},"in2DMode":false,"pivot":{"x":-0.11962157487869263,"y":0.49757933616638186,"z":0.3257049322128296},"rotation":{"x":0.2689443528652191,"y":0.6838374733924866,"z":-0.3022007942199707,"w":0.6075140237808228},"size":0.7973223328590393,"orthographic":false}