{"cameraMode":{"drawMode":0,"name":"Shaded","section":"Shading Mode"},"sceneLighting":false,"audioPlay":false,"sceneViewState":{"m_AlwaysRefresh":false,"showFog":true,"showSkybox":false,"showFlares":true,"showImageEffects":true,"showParticleSystems":true,"showVisualEffectGraphs":true,"m_FxEnabled":true},"in2DMode":false,"pivot":{"x":0.05175405740737915,"y":0.0014280080795288087,"z":0.07928353548049927},"rotation":{"x":-0.18102827668190003,"y":0.1395992636680603,"z":-0.025949420407414438,"w":-0.9732551574707031},"size":0.9560210108757019,"orthographic":false}