{"cameraMode":{"drawMode":0,"name":"Shaded","section":"Shading Mode"},"sceneLighting":false,"audioPlay":false,"sceneViewState":{"m_AlwaysRefresh":false,"showFog":true,"showSkybox":false,"showFlares":true,"showImageEffects":true,"showParticleSystems":true,"showVisualEffectGraphs":true,"m_FxEnabled":true},"in2DMode":false,"pivot":{"x":-0.017763614654541017,"y":0.017497561872005464,"z":0.05294835567474365},"rotation":{"x":-0.1467905342578888,"y":-0.7964439988136292,"z":0.21437311172485352,"w":-0.5462092161178589},"size":0.774408221244812,"orthographic":false}