{"cameraMode":{"drawMode":0,"name":"Shaded","section":"Shading Mode"},"sceneLighting":false,"audioPlay":false,"sceneViewState":{"m_AlwaysRefresh":false,"showFog":true,"showSkybox":false,"showFlares":true,"showImageEffects":true,"showParticleSystems":true,"showVisualEffectGraphs":true,"m_FxEnabled":true},"in2DMode":false,"pivot":{"x":0.043695151805877689,"y":0.567933201789856,"z":0.1685526967048645},"rotation":{"x":-0.18412624299526215,"y":-0.7964787483215332,"z":0.2974013686180115,"w":-0.49342384934425356},"size":0.8258386850357056,"orthographic":false}