{"cameraMode":{"drawMode":0,"name":"Shaded","section":"Shading Mode"},"sceneLighting":false,"audioPlay":false,"sceneViewState":{"m_AlwaysRefresh":false,"showFog":true,"showSkybox":false,"showFlares":true,"showImageEffects":true,"showParticleSystems":true,"showVisualEffectGraphs":true,"m_FxEnabled":true},"in2DMode":false,"pivot":{"x":0.00021728873252868652,"y":0.8712654113769531,"z":-0.007716476917266846},"rotation":{"x":-0.017487142235040666,"y":-0.9798122644424439,"z":0.09910857677459717,"w":-0.1728132963180542},"size":1.6438851356506348,"orthographic":false}