{"cameraMode":{"drawMode":0,"name":"Shaded","section":"Shading Mode"},"sceneLighting":false,"audioPlay":false,"sceneViewState":{"m_AlwaysRefresh":false,"showFog":true,"showSkybox":false,"showFlares":true,"showImageEffects":true,"showParticleSystems":true,"showVisualEffectGraphs":true,"m_FxEnabled":true},"in2DMode":false,"pivot":{"x":13.226949691772461,"y":7.729396343231201,"z":8.030481338500977},"rotation":{"x":0.09309738129377365,"y":-0.8013584613800049,"z":0.12846289575099946,"w":0.5769568681716919},"size":-0.46771007776260378,"orthographic":false}