{"cameraMode":{"drawMode":0,"name":"Shaded","section":"Shading Mode"},"sceneLighting":true,"audioPlay":false,"sceneViewState":{"m_AlwaysRefresh":false,"showFog":true,"showSkybox":true,"showFlares":true,"showImageEffects":true,"showParticleSystems":true,"showVisualEffectGraphs":true,"m_FxEnabled":true},"in2DMode":false,"pivot":{"x":41.89783477783203,"y":-0.19339895248413087,"z":2.6586132049560549},"rotation":{"x":-0.07214999198913574,"y":-0.05174316093325615,"z":0.0037484290078282358,"w":-0.9960461258888245},"size":6.746342182159424,"orthographic":false}