{"cameraMode":{"drawMode":0,"name":"Shaded","section":"Shading Mode"},"sceneLighting":false,"audioPlay":false,"sceneViewState":{"m_AlwaysRefresh":false,"showFog":true,"showSkybox":false,"showFlares":true,"showImageEffects":true,"showParticleSystems":true,"showVisualEffectGraphs":true,"m_FxEnabled":true},"in2DMode":false,"pivot":{"x":-0.07456707954406738,"y":-0.2115631103515625,"z":0.7599650621414185},"rotation":{"x":-0.21996253728866578,"y":0.47538796067237856,"z":-0.12407882511615753,"w":-0.8427497744560242},"size":1.2130255699157715,"orthographic":false}