{"cameraMode":{"drawMode":0,"name":"Shaded","section":"Shading Mode"},"sceneLighting":false,"audioPlay":false,"sceneViewState":{"m_AlwaysRefresh":false,"showFog":true,"showSkybox":false,"showFlares":true,"showImageEffects":true,"showParticleSystems":true,"showVisualEffectGraphs":true,"m_FxEnabled":true},"in2DMode":false,"pivot":{"x":-0.003414154052734375,"y":0.7749996185302734,"z":-0.05490303039550781},"rotation":{"x":0.09309738129377365,"y":-0.8013584613800049,"z":0.12846289575099946,"w":0.5769568681716919},"size":48.49742126464844,"orthographic":false}