{"cameraMode":{"drawMode":0,"name":"Shaded","section":"Shading Mode"},"sceneLighting":false,"audioPlay":false,"sceneViewState":{"m_AlwaysRefresh":false,"showFog":true,"showSkybox":false,"showFlares":true,"showImageEffects":true,"showParticleSystems":true,"showVisualEffectGraphs":true,"m_FxEnabled":true},"in2DMode":false,"pivot":{"x":-0.005355358123779297,"y":5.235994815826416,"z":0.0037956833839416506},"rotation":{"x":-0.00030060290009714663,"y":0.9998635053634644,"z":0.02219781093299389,"w":-0.003988463431596756},"size":5.643808841705322,"orthographic":false}