{"cameraMode":{"drawMode":0,"name":"Shaded","section":"Shading Mode"},"sceneLighting":false,"audioPlay":false,"sceneViewState":{"m_AlwaysRefresh":false,"showFog":true,"showSkybox":false,"showFlares":true,"showImageEffects":true,"showParticleSystems":true,"showVisualEffectGraphs":true,"m_FxEnabled":true},"in2DMode":false,"pivot":{"x":0.00022745132446289063,"y":0.8413019180297852,"z":0.008687376976013184},"rotation":{"x":-0.017487142235040666,"y":-0.9798122644424439,"z":0.09910857677459717,"w":-0.1728132963180542},"size":1.6277961730957032,"orthographic":false}